[
  {
    "word": "破大防",
    "definition": "又作「大破防」，比喻心裡防線遭受某事擊破導致情緒崩潰。",
    "dialogues": [
      {
        "A": "昨天你看到那個直播主的結局嗎？",
        "B": "有啊！他辛苦打了三個小時，結果最後被隊友誤傷輸掉，整個破大防，當場砸滑鼠。"
      },
      {
        "A": "欸，你最近怎麼看起來心情很差？",
        "B": "別提了，我下班累得要命，結果回家發現外送少送我最想吃的炸雞，瞬間破大防。"
      },
      {
        "A": "你看那個偶像劇的新劇情了嗎？",
        "B": "看了！男主角竟然背叛女主角，我直接破大防，氣到罵出聲。"
      },
      {
        "A": "昨晚LOL決賽你看了嗎？",
        "B": "看了！我們隊伍眼看要逆轉了，結果最後一波操作失誤，整個破大防，聊天室爆炸了！"
      },
      {
        "A": "昨天期末考考得怎麼樣？",
        "B": "考題超難，最後一題完全不會寫，當下破大防，差點直接交白卷。"
      }
    ]
  },
  {
    "word": "傻爆屁眼",
    "definition": "傻眼的誇張說法，意指非常無奈",
    "dialogues": [
      {
        "A": "欸，你昨天有看到阿明的IG限動嗎？",
        "B": "有啊！他居然跑去沖繩玩，完全沒跟我們說，傻爆屁眼！"
      },
      {
        "A": "我剛買的飲料打翻在電腦鍵盤上，怎麼辦啦？",
        "B": "蛤？也太慘了吧！這情況真的只能說傻爆屁眼！"
      },
      {
        "A": "今天開會的時候主管講了一堆廢話，結果什麼都沒決定。",
        "B": "天啊，這種會議真的傻爆屁眼耶，浪費時間到極點！"
      },
      {
        "A": "我朋友今天考試遲到，結果老師剛好鎖門了。",
        "B": "這運氣也太差了吧！真的只能說傻爆屁眼！"
      },
      {
        "A": "我排了一個小時的隊，結果輪到我時店員說賣完了！",
        "B": "蛤？這真的會氣到傻爆屁眼，排那麼久根本白費！"
      }
    ]
  },
  {
    "word": "肥宅",
    "definition": "喜歡待在家裡不運動，沉迷於遊戲、動畫、網路或宅文化，且可能有發福體態的人，通常帶有幽默或自嘲的意味。",
    "dialogues": [
      {
        "A": "欸，你週末有沒有出去玩？",
        "B": "哪有出去，我可是專業肥宅，窩家裡打了一整天手遊。"
      },
      {
        "A": "最近天氣這麼好，你怎麼不出門走走？",
        "B": "出門？肥宅不需要陽光，Wi-Fi 才是我的生命之光！"
      },
      {
        "A": "你暑假計劃去哪裡玩啊？",
        "B": "我的計劃是宅在家裡追完三部番，身為肥宅，這才是完美假期！"
      },
      {
        "A": "你看起來很久沒運動了耶，要不要去跑步？",
        "B": "謝邀，肥宅運動就是滑鼠點擊和鍵盤敲擊，跑步不在技能樹上。"
      },
      {
        "A": "昨天那部新番超好看！你有追嗎？",
        "B": "當然有！肥宅的本職就是追番，一集不落！"
      }
    ]
  },
  {
    "word": "魯蛇",
    "definition": "取自英文「Loser」的諧音，是在工作上不順遂或失業、低收入、沒有愛人者。",
    "dialogues": [
      {
        "A": "欸，你怎麼最近都不出門聚會？",
        "B": "唉，最近找工作一直碰壁，覺得自己根本就是個魯蛇，哪有心情玩。"
      },
      {
        "A": "聽說你在新創公司上班，怎麼樣啊？",
        "B": "別提了，薪水少得可憐，根本魯蛇打工仔，還要天天加班。"
      },
      {
        "A": "你不是跟小美曖昧很久了嗎？有進展嗎？",
        "B": "人家早就交了男朋友，我這個魯蛇只能當工具人罷了。"
      },
      {
        "A": "最近股票市場很熱，你有投資嗎？",
        "B": "投什麼啊，我這個魯蛇薪水都不夠付房租，還投資？"
      },
      {
        "A": "你週末都在家打電動啊？不會無聊嗎？",
        "B": "魯蛇的娛樂不就是窩在家打遊戲，總比出門被現實打臉好。"
      }
    ]
  },
  {
    "word": "溫拿",
    "definition": "源自英語「winner」，意指成功者或贏家。常用來形容某人在某方面表現出色、取得勝利或非常厲害。",
    "dialogues": [
      {
        "A": "欸，你昨天不是參加那個遊戲比賽嗎？結果如何？",
        "B": "我拿了第一名啊！直接當場被主持人稱作本場的溫拿！"
      },
      {
        "A": "聽說你們公司的提案競標很激烈，最後結果怎樣？",
        "B": "我們成功拿下大案子了，主管還說我們團隊是這次競標的最大溫拿！"
      },
      {
        "A": "你怎麼這麼快就搶到演唱會前排票？",
        "B": "哈哈，靠著手速成為購票系統的溫拿，不然早就被搶光了！"
      },
      {
        "A": "昨天抽Switch你參加了嗎？",
        "B": "參加了，而且我居然中了！直接被朋友封為抽獎界的溫拿！"
      },
      {
        "A": "你不是說這學期要拼全科A嗎？成績單拿到了沒？",
        "B": "拿到了！全A無誤，這學期我真的是學霸界的溫拿！"
      }
    ]
  }  
]
  